{
  "lights": [
    {
      "boxSize": [
        8.0,
        8.0,
        8.0
      ],
      "color": [
        1.0,
        0.9200000166893005,
        0.7799999713897705
      ],
      "helperSize": 7.5,
      "id": "lamp_0",
      "intensity": 2.0999999046325684,
      "name": "Lamp 1",
      "position": [
        130.0,
        -159.0,
        572.0
      ],
      "radius": 50.0,
      "visualType": 0
    },
    {
      "boxSize": [
        8.0,
        8.0,
        8.0
      ],
      "color": [
        1.0,
        0.9200000166893005,
        0.7799999713897705
      ],
      "helperSize": 7.5,
      "id": "lamp_1",
      "intensity": 2.0999999046325684,
      "name": "Lamp 2",
      "position": [
        -19.02199935913086,
        -159.0,
        572.0
      ],
      "radius": 50.0,
      "visualType": 0
    },
    {
      "boxSize": [
        8.0,
        8.0,
        8.0
      ],
      "color": [
        1.0,
        0.9200000166893005,
        0.7799999713897705
      ],
      "helperSize": 6.0,
      "id": "light_2",
      "intensity": 2.0,
      "name": "Point Light 2",
      "position": [
        171.34487915039063,
        -161.96971130371094,
        617.0840454101563
      ],
      "radius": 36.0,
      "visualType": 0
    },
    {
      "boxSize": [
        1.0,
        1.0,
        1.0
      ],
      "color": [
        0.9019607901573181,
        0.07058823853731155,
        0.0235294122248888
      ],
      "helperSize": 12.0,
      "id": "light_3",
      "intensity": 2.799999952316284,
      "name": "Cube Light 3",
      "position": [
        60.606300354003906,
        -168.16192626953125,
        665.576171875
      ],
      "radius": 40.0,
      "visualType": 1
    }
  ]
}